name,type,category,power,accuracy,pp,effect
Absorb,Grass,Special,20,100,25,User recovers half the HP inflicted on opponent.
Acid,Poison,Special,40,100,30,May lower opponent's Special Defense.
Acid Armor,Poison,Status,,,20,Sharply raises user's Defense.
Agility,Psychic,Status,,,30,Sharply raises user's Speed.
Amnesia,Psychic,Status,,,20,Sharply raises user's Special Defense.
Aurora Beam,Ice,Special,65,100,20,May lower opponent's Attack.
Barrage,Normal,Physical,15,85,20,Hits 2-5 times in one turn.
Barrier,Psychic,Status,,,20,Sharply raises user's Defense.
Bide,Normal,Physical,,,10,User takes damage for two turns then strikes back double.
Bind,Normal,Physical,15,85,20,"Traps opponent, damaging them for 4-5 turns."
Bite,Dark,Physical,60,100,25,May cause flinching.
Blizzard,Ice,Special,110,70,5,May freeze opponent.
Body Slam,Normal,Physical,85,100,15,May paralyze opponent.
Bone Club,Ground,Physical,65,85,20,May cause flinching.
Bonemerang,Ground,Physical,50,90,10,Hits twice in one turn.
Bubble,Water,Special,40,100,30,May lower opponent's Speed.
Bubble Beam,Water,Special,65,100,20,May lower opponent's Speed.
Clamp,Water,Physical,35,85,15,"Traps opponent, damaging them for 4-5 turns."
Comet Punch,Normal,Physical,18,85,15,Hits 2-5 times in one turn.
Confuse Ray,Ghost,Status,,100,10,Confuses opponent.
Confusion,Psychic,Special,50,100,25,May confuse opponent.
Constrict,Normal,Physical,10,100,35,May lower opponent's Speed by one stage.
Conversion,Normal,Status,,,30,Changes user's type to that of its first move.
Counter,Fighting,Physical,,100,20,"When hit by a Physical Attack, user strikes back with 2x power."
Crabhammer,Water,Physical,100,90,10,High critical hit ratio.
Cut,Normal,Physical,50,95,30,
Defense Curl,Normal,Status,,,40,Raises user's Defense.
Dig,Ground,Physical,80,100,10,"Digs underground on first turn, attacks on second. Can also escape from caves."
Disable,Normal,Status,,100,20,Opponent can't use its last attack for a few turns.
Dizzy Punch,Normal,Physical,70,100,10,May confuse opponent.
Double Kick,Fighting,Physical,30,100,30,Hits twice in one turn.
Double Slap,Normal,Physical,15,85,10,Hits 2-5 times in one turn.
Double Team,Normal,Status,,,15,Raises user's Evasiveness.
Double-Edge,Normal,Physical,120,100,15,User receives recoil damage.
Dragon Rage,Dragon,Special,,100,10,Always inflicts 40 HP.
Dream Eater,Psychic,Special,100,100,15,User recovers half the HP inflicted on a sleeping opponent.
Drill Peck,Flying,Physical,80,100,20,
Earthquake,Ground,Physical,100,100,10,Power is doubled if opponent is underground from using Dig.
Egg Bomb,Normal,Physical,100,75,10,
Ember,Fire,Special,40,100,25,May burn opponent.
Explosion,Normal,Physical,250,100,5,User faints.
Fire Blast,Fire,Special,110,85,5,May burn opponent.
Fire Punch,Fire,Physical,75,100,15,May burn opponent.
Fire Spin,Fire,Special,35,85,15,"Traps opponent, damaging them for 4-5 turns."
Fissure,Ground,Physical,,30,5,"One-Hit-KO, if it hits."
Flamethrower,Fire,Special,90,100,15,May burn opponent.
Flash,Normal,Status,,100,20,Lowers opponent's Accuracy.
Fly,Flying,Physical,90,95,15,"Flies up on first turn, attacks on second turn."
Focus Energy,Normal,Status,,,30,Increases critical hit ratio.
Fury Attack,Normal,Physical,15,85,20,Hits 2-5 times in one turn.
Fury Swipes,Normal,Physical,18,80,15,Hits 2-5 times in one turn.
Glare,Normal,Status,,100,30,Paralyzes opponent.
Growl,Normal,Status,,100,40,Lowers opponent's Attack.
Growth,Normal,Status,,,20,Raises user's Attack and Special Attack.
Guillotine,Normal,Physical,,30,5,"One-Hit-KO, if it hits."
Gust,Flying,Special,40,100,35,Hits Pokémon using Fly/Bounce with double power.
Harden,Normal,Status,,,30,Raises user's Defense.
Haze,Ice,Status,,,30,Resets all stat changes.
Headbutt,Normal,Physical,70,100,15,May cause flinching.
High Jump Kick,Fighting,Physical,130,90,10,"If it misses, the user loses half their HP."
Horn Attack,Normal,Physical,65,100,25,
Horn Drill,Normal,Physical,,30,5,"One-Hit-KO, if it hits."
Hydro Pump,Water,Special,110,80,5,
Hyper Beam,Normal,Special,150,90,5,User must recharge next turn.
Hyper Fang,Normal,Physical,80,90,15,May cause flinching.
Hypnosis,Psychic,Status,,60,20,Puts opponent to sleep.
Ice Beam,Ice,Special,90,100,10,May freeze opponent.
Ice Punch,Ice,Physical,75,100,15,May freeze opponent.
Jump Kick,Fighting,Physical,100,95,10,"If it misses, the user loses half their HP."
Karate Chop,Fighting,Physical,50,100,25,High critical hit ratio.
Kinesis,Psychic,Status,,80,15,Lowers opponent's Accuracy.
Leech Life,Bug,Physical,80,100,10,User recovers half the HP inflicted on opponent.
Leech Seed,Grass,Status,,90,10,Drains HP from opponent each turn.
Leer,Normal,Status,,100,30,Lowers opponent's Defense.
Lick,Ghost,Physical,30,100,30,May paralyze opponent.
Light Screen,Psychic,Status,,,30,Halves damage from Special attacks for 5 turns.
Lovely Kiss,Normal,Status,,75,10,Puts opponent to sleep.
Low Kick,Fighting,Physical,,100,20,"The heavier the opponent, the stronger the attack."
Meditate,Psychic,Status,,,40,Raises user's Attack.
Mega Drain,Grass,Special,40,100,15,User recovers half the HP inflicted on opponent.
Mega Kick,Normal,Physical,120,75,5,
Mega Punch,Normal,Physical,80,85,20,
Metronome,Normal,Status,,,10,User performs almost any move in the game at random.
Mimic,Normal,Status,,,10,Copies the opponent's last move.
Minimize,Normal,Status,,,10,Sharply raises user's Evasiveness.
Mirror Move,Flying,Status,,,20,User performs the opponent's last move.
Mist,Ice,Status,,,30,User's stats cannot be changed for a period of time.
Night Shade,Ghost,Special,,100,15,Inflicts damage equal to user's level.
Pay Day,Normal,Physical,40,100,20,A small amount of money is gained after the battle resolves.
Peck,Flying,Physical,35,100,35,
Petal Dance,Grass,Special,120,100,10,User attacks for 2-3 turns but then becomes confused.
Pin Missile,Bug,Physical,25,95,20,Hits 2-5 times in one turn.
Poison Gas,Poison,Status,,90,40,Poisons opponent.
Poison Powder,Poison,Status,,75,35,Poisons opponent.
Poison Sting,Poison,Physical,15,100,35,May poison the opponent.
Pound,Normal,Physical,40,100,35,
Psybeam,Psychic,Special,65,100,20,May confuse opponent.
Psychic,Psychic,Special,90,100,10,May lower opponent's Special Defense.
Psywave,Psychic,Special,,100,15,Inflicts damage 50-150% of user's level.
Quick Attack,Normal,Physical,40,100,30,User attacks first.
Rage,Normal,Physical,20,100,20,Raises user's Attack when hit.
Razor Leaf,Grass,Physical,55,95,25,High critical hit ratio.
Razor Wind,Normal,Special,80,100,10,"Charges on first turn, attacks on second. High critical hit ratio."
Recover,Normal,Status,,,10,User recovers half its max HP.
Reflect,Psychic,Status,,,20,Halves damage from Physical attacks for 5 turns.
Rest,Psychic,Status,,,10,"User sleeps for 2 turns, but user is fully healed."
Roar,Normal,Status,,,20,"In battles, the opponent switches. In the wild, the Pokémon runs."
Rock Slide,Rock,Physical,75,90,10,May cause flinching.
Rock Throw,Rock,Physical,50,90,15,
Rolling Kick,Fighting,Physical,60,85,15,May cause flinching.
Sand Attack,Ground,Status,,100,15,Lowers opponent's Accuracy.
Scratch,Normal,Physical,40,100,35,
Screech,Normal,Status,,85,40,Sharply lowers opponent's Defense.
Seismic Toss,Fighting,Physical,,100,20,Inflicts damage equal to user's level.
Self-Destruct,Normal,Physical,200,100,5,User faints.
Sharpen,Normal,Status,,,30,Raises user's Attack.
Sing,Normal,Status,,55,15,Puts opponent to sleep.
Skull Bash,Normal,Physical,130,100,10,"Raises Defense on first turn, attacks on second."
Sky Attack,Flying,Physical,140,90,5,"Charges on first turn, attacks on second. May cause flinching. High critical hit ratio."
Slam,Normal,Physical,80,75,20,
Slash,Normal,Physical,70,100,20,High critical hit ratio.
Sleep Powder,Grass,Status,,75,15,Puts opponent to sleep.
Sludge,Poison,Special,65,100,20,May poison opponent.
Smog,Poison,Special,30,70,20,May poison opponent.
Smokescreen,Normal,Status,,100,20,Lowers opponent's Accuracy.
Soft-Boiled,Normal,Status,,,10,User recovers half its max HP.
Solar Beam,Grass,Special,120,100,10,"Charges on first turn, attacks on second."
Sonic Boom,Normal,Special,,90,20,Always inflicts 20 HP.
Spike Cannon,Normal,Physical,20,100,15,Hits 2-5 times in one turn.
Splash,Normal,Status,,,40,Doesn't do ANYTHING.
Spore,Grass,Status,,100,15,Puts opponent to sleep.
Stomp,Normal,Physical,65,100,20,May cause flinching.
Strength,Normal,Physical,80,100,15,
String Shot,Bug,Status,,95,40,Sharply lowers opponent's Speed.
Struggle,Normal,Physical,50,,,Only usable when all PP are gone. Hurts the user.
Stun Spore,Grass,Status,,75,30,Paralyzes opponent.
Submission,Fighting,Physical,80,80,20,User receives recoil damage.
Substitute,Normal,Status,,,10,Uses HP to creates a decoy that takes hits.
Super Fang,Normal,Physical,,90,10,Always takes off half of the opponent's HP.
Supersonic,Normal,Status,,55,20,Confuses opponent.
Surf,Water,Special,90,100,15,Hits all adjacent Pokémon.
Swift,Normal,Special,60,?,20,Ignores Accuracy and Evasiveness.
Swords Dance,Normal,Status,,,20,Sharply raises user's Attack.
Tackle,Normal,Physical,40,100,35,
Tail Whip,Normal,Status,,100,30,Lowers opponent's Defense.
Take Down,Normal,Physical,90,85,20,User receives recoil damage.
Teleport,Psychic,Status,,,20,Allows user to flee wild battles; also warps player to last PokéCenter.
Thrash,Normal,Physical,120,100,10,User attacks for 2-3 turns but then becomes confused.
Thunder,Electric,Special,110,70,10,May paralyze opponent.
Thunder Punch,Electric,Physical,75,100,15,May paralyze opponent.
Thunder Shock,Electric,Special,40,100,30,May paralyze opponent.
Thunder Wave,Electric,Status,,90,20,Paralyzes opponent.
Thunderbolt,Electric,Special,90,100,15,May paralyze opponent.
Toxic,Poison,Status,,90,10,Badly poisons opponent.
Transform,Normal,Status,,,10,User takes on the form and attacks of the opponent.
Tri Attack,Normal,Special,80,100,10,"May paralyze, burn or freeze opponent."
Twineedle,Bug,Physical,25,100,20,Hits twice in one turn. May poison opponent.
Vine Whip,Grass,Physical,45,100,25,
Vise Grip,Normal,Physical,55,100,30,
Water Gun,Water,Special,40,100,25,
Waterfall,Water,Physical,80,100,15,May cause flinching.
Whirlwind,Normal,Status,,,20,"In battles, the opponent switches. In the wild, the Pokémon runs."
Wing Attack,Flying,Physical,60,100,35,
Withdraw,Water,Status,,,40,Raises user's Defense.
Wrap,Normal,Physical,15,90,20,"Traps opponent, damaging them for 4-5 turns."
Aeroblast,Flying,Special,100,95,5,High critical hit ratio.
Ancient Power,Rock,Special,60,100,5,May raise all user's stats at once.
Attract,Normal,Status,,100,15,"If opponent is the opposite gender, it's less likely to attack."
Baton Pass,Normal,Status,,,40,User switches out and gives stat changes to the incoming Pokémon.
Beat Up,Dark,Physical,,100,10,Each Pokémon in your party attacks.
Belly Drum,Normal,Status,,,10,"User loses 50% of its max HP, but Attack raises to maximum."
Bone Rush,Ground,Physical,25,90,10,Hits 2-5 times in one turn.
Charm,Fairy,Status,,100,20,Sharply lowers opponent's Attack.
Conversion 2,Normal,Status,,,30,User changes type to become resistant to opponent's last move.
Cotton Spore,Grass,Status,,100,40,Sharply lowers opponent's Speed.
Cross Chop,Fighting,Physical,100,80,5,High critical hit ratio.
Crunch,Dark,Physical,80,100,15,May lower opponent's Defense.
Curse,Ghost,Status,,,10,"Ghosts lose 50% of max HP and curse the opponent; Non-Ghosts raise Attack, Defense and lower Speed."
Destiny Bond,Ghost,Status,,,5,"If the user faints, the opponent also faints."
Detect,Fighting,Status,,,5,"Protects the user, but may fail if used consecutively."
Dragon Breath,Dragon,Special,60,100,20,May paralyze opponent.
Dynamic Punch,Fighting,Physical,100,50,5,Confuses opponent.
Encore,Normal,Status,,100,5,Forces opponent to keep using its last move for 3 turns.
Endure,Normal,Status,,,10,"Always left with at least 1 HP, but may fail if used consecutively."
Extreme Speed,Normal,Physical,80,100,5,User attacks first.
False Swipe,Normal,Physical,40,100,40,Always leaves opponent with at least 1 HP.
Feint Attack,Dark,Physical,60,?,20,Ignores Accuracy and Evasiveness.
Flail,Normal,Physical,,100,15,"The lower the user's HP, the higher the power."
Flame Wheel,Fire,Physical,60,100,25,May burn opponent.
Foresight,Normal,Status,,,40,"Resets opponent's Evasiveness, Normal-type and Fighting-type attacks can now hit Ghosts, and Ghost-type attacks hit Normal."
Frustration,Normal,Physical,,100,20,Power decreases with higher Friendship.
Fury Cutter,Bug,Physical,40,95,20,Power increases each turn.
Future Sight,Psychic,Special,120,100,10,Damage occurs 2 turns later.
Giga Drain,Grass,Special,75,100,10,User recovers half the HP inflicted on opponent.
Heal Bell,Normal,Status,,,5,Heals the user's party's status conditions.
Hidden Power,Normal,Special,60,100,15,Type and power depends on user's IVs.
Icy Wind,Ice,Special,55,95,15,Lowers opponent's Speed.
Iron Tail,Steel,Physical,100,75,15,May lower opponent's Defense.
Lock-On,Normal,Status,,,5,User's next attack is guaranteed to hit.
Mach Punch,Fighting,Physical,40,100,30,User attacks first.
Magnitude,Ground,Physical,,100,30,Hits with random power.
Mean Look,Normal,Status,,,5,Opponent cannot flee or switch.
Megahorn,Bug,Physical,120,85,10,
Metal Claw,Steel,Physical,50,95,35,May raise user's Attack.
Milk Drink,Normal,Status,,,10,User recovers half its max HP.
Mind Reader,Normal,Status,,,5,User's next attack is guaranteed to hit.
Mirror Coat,Psychic,Special,,100,20,"When hit by a Special Attack, user strikes back with 2x power."
Moonlight,Fairy,Status,,,5,User recovers HP. Amount varies with the weather.
Morning Sun,Normal,Status,,,5,User recovers HP. Amount varies with the weather.
Mud-Slap,Ground,Special,20,100,10,Lowers opponent's Accuracy.
Nightmare,Ghost,Status,,100,15,The sleeping opponent loses 25% of its max HP each turn.
Octazooka,Water,Special,65,85,10,May lower opponent's Accuracy.
Outrage,Dragon,Physical,120,100,10,User attacks for 2-3 turns but then becomes confused.
Pain Split,Normal,Status,,,20,The user's and opponent's HP becomes the average of both.
Perish Song,Normal,Status,,,5,Any Pokémon in play when this attack is used faints in 3 turns.
Powder Snow,Ice,Special,40,100,25,May freeze opponent.
Present,Normal,Physical,,90,15,Either deals damage or heals.
Protect,Normal,Status,,,10,"Protects the user, but may fail if used consecutively."
Psych Up,Normal,Status,,,10,Copies the opponent's stat changes.
Pursuit,Dark,Physical,40,100,20,Double power if the opponent is switching out.
Rain Dance,Water,Status,,,5,Makes it rain for 5 turns.
Rapid Spin,Normal,Physical,50,100,40,Raises user's Speed and removes entry hazards and trap move effects.
Return,Normal,Physical,,100,20,Power increases with higher Friendship.
Reversal,Fighting,Physical,,100,15,"The lower the user's HP, the higher the power."
Rock Smash,Fighting,Physical,40,100,15,May lower opponent's Defense.
Rollout,Rock,Physical,30,90,20,Doubles in power each turn for 5 turns.
Sacred Fire,Fire,Physical,100,95,5,May burn opponent.
Safeguard,Normal,Status,,,25,The user's party is protected from status conditions.
Sandstorm,Rock,Status,,,10,Creates a sandstorm for 5 turns.
Scary Face,Normal,Status,,100,10,Sharply lowers opponent's Speed.
Shadow Ball,Ghost,Special,80,100,15,May lower opponent's Special Defense.
Sketch,Normal,Status,,,1,Permanently copies the opponent's last move.
Sleep Talk,Normal,Status,,,10,User performs one of its own moves while sleeping.
Sludge Bomb,Poison,Special,90,100,10,May poison opponent.
Snore,Normal,Special,50,100,15,Can only be used if asleep. May cause flinching.
Spark,Electric,Physical,65,100,20,May paralyze opponent.
Spider Web,Bug,Status,,,10,Opponent cannot escape/switch.
Spikes,Ground,Status,,,20,Hurts opponents when they switch into battle.
Spite,Ghost,Status,,100,10,The opponent's last move loses 2-5 PP.
Steel Wing,Steel,Physical,70,90,25,May raise user's Defense.
Sunny Day,Fire,Status,,,5,Makes it sunny for 5 turns.
Swagger,Normal,Status,,85,15,"Opponent becomes confused, but its Attack is sharply raised."
Sweet Kiss,Fairy,Status,,75,10,Confuses opponent.
Sweet Scent,Normal,Status,,100,20,Lowers opponent's Evasiveness.
Synthesis,Grass,Status,,,5,User recovers HP. Amount varies with the weather.
Thief,Dark,Physical,60,100,25,Also steals opponent's held item.
Triple Kick,Fighting,Physical,10,90,10,Hits thrice in one turn at increasing power.
Twister,Dragon,Special,40,100,20,May cause flinching. Hits Pokémon using Fly/Bounce with double power.
Vital Throw,Fighting,Physical,70,?,10,"User attacks last, but ignores Accuracy and Evasiveness."
Whirlpool,Water,Special,35,85,15,"Traps opponent, damaging them for 4-5 turns."
Zap Cannon,Electric,Special,120,50,5,Paralyzes opponent.
Aerial Ace,Flying,Physical,60,?,20,Ignores Accuracy and Evasiveness.
Air Cutter,Flying,Special,60,95,25,High critical hit ratio.
Arm Thrust,Fighting,Physical,15,100,20,Hits 2-5 times in one turn.
Aromatherapy,Grass,Status,,,5,Cures all status problems in your party.
Assist,Normal,Status,,,20,User performs a move known by its allies at random.
Astonish,Ghost,Physical,30,100,15,May cause flinching.
Blast Burn,Fire,Special,150,90,5,User must recharge next turn.
Blaze Kick,Fire,Physical,85,90,10,High critical hit ratio. May burn opponent.
Block,Normal,Status,,,5,Opponent cannot flee or switch.
Bounce,Flying,Physical,85,85,5,"Springs up on first turn, attacks on second. May paralyze opponent."
Brick Break,Fighting,Physical,75,100,15,Breaks through Reflect and Light Screen barriers.
Bulk Up,Fighting,Status,,,20,Raises user's Attack and Defense.
Bullet Seed,Grass,Physical,25,100,30,Hits 2-5 times in one turn.
Calm Mind,Psychic,Status,,,20,Raises user's Special Attack and Special Defense.
Camouflage,Normal,Status,,,20,Changes user's type according to the location.
Charge,Electric,Status,,,20,Raises user's Special Defense and next Electric move's power increases.
Cosmic Power,Psychic,Status,,,20,Raises user's Defense and Special Defense.
Covet,Normal,Physical,60,100,25,Opponent's item is stolen by the user.
Crush Claw,Normal,Physical,75,95,10,May lower opponent's Defense.
Dive,Water,Physical,80,100,10,"Dives underwater on first turn, attacks on second turn."
Doom Desire,Steel,Special,140,100,5,Damage occurs 2 turns later.
Dragon Claw,Dragon,Physical,80,100,15,
Dragon Dance,Dragon,Status,,,20,Raises user's Attack and Speed.
Endeavor,Normal,Physical,,100,5,Reduces opponent's HP to same as user's.
Eruption,Fire,Special,150,100,5,Stronger when the user's HP is higher.
Extrasensory,Psychic,Special,80,100,20,May cause flinching.
Facade,Normal,Physical,70,100,20,"Power doubles if user is burned, poisoned, or paralyzed."
Fake Out,Normal,Physical,40,100,10,"User attacks first, foe flinches. Only usable on first turn."
Fake Tears,Dark,Status,,100,20,Sharply lowers opponent's Special Defense.
Feather Dance,Flying,Status,,100,15,Sharply lowers opponent's Attack.
Flatter,Dark,Status,,100,15,"Confuses opponent, but raises its Special Attack by two stages."
Focus Punch,Fighting,Physical,150,100,20,"If the user is hit before attacking, it flinches instead."
Follow Me,Normal,Status,,,20,"In Double Battle, the user takes all the attacks."
Frenzy Plant,Grass,Special,150,90,5,User must recharge next turn.
Grass Whistle,Grass,Status,,55,15,Puts opponent to sleep.
Grudge,Ghost,Status,,,5,"If the users faints after using this move, the PP for the opponent's last move is depleted."
Hail,Ice,Status,,,10,Non-Ice types are damaged for 5 turns.
Heat Wave,Fire,Special,95,90,10,May burn opponent.
Helping Hand,Normal,Status,,,20,"In Double Battles, boosts the power of the partner's move."
Howl,Normal,Status,,,40,Raises Attack of allies.
Hydro Cannon,Water,Special,150,90,5,User must recharge next turn.
Hyper Voice,Normal,Special,90,100,10,
Ice Ball,Ice,Physical,30,90,20,Doubles in power each turn for 5 turns.
Icicle Spear,Ice,Physical,25,100,30,Hits 2-5 times in one turn.
Imprison,Psychic,Status,,,10,Opponent is unable to use moves that the user also knows.
Ingrain,Grass,Status,,,20,User restores HP each turn. User cannot escape/switch.
Iron Defense,Steel,Status,,,15,Sharply raises user's Defense.
Knock Off,Dark,Physical,65,100,20,Removes opponent's held item for the rest of the battle.
Leaf Blade,Grass,Physical,90,100,15,High critical hit ratio.
Luster Purge,Psychic,Special,70,100,5,May lower opponent's Special Defense.
Magic Coat,Psychic,Status,,,15,Reflects moves that cause status conditions back to the attacker.
Magical Leaf,Grass,Special,60,?,20,Ignores Accuracy and Evasiveness.
Memento,Dark,Status,,100,10,"User faints, sharply lowers opponent's Attack and Special Attack."
Metal Sound,Steel,Status,,85,40,Sharply lowers opponent's Special Defense.
Meteor Mash,Steel,Physical,90,90,10,May raise user's Attack.
Mist Ball,Psychic,Special,70,100,5,May lower opponent's Special Attack.
Mud Shot,Ground,Special,55,95,15,Lowers opponent's Speed.
Mud Sport,Ground,Status,,,15,Weakens the power of Electric-type moves.
Muddy Water,Water,Special,90,85,10,May lower opponent's Accuracy.
Nature Power,Normal,Status,,,20,Uses a certain move based on the current terrain.
Needle Arm,Grass,Physical,60,100,15,May cause flinching.
Odor Sleuth,Normal,Status,,,40,"Resets opponent's Evasiveness, Normal-type and Fighting-type attacks can now hit Ghosts, and Ghost-type attacks hit Normal."
Overheat,Fire,Special,130,90,5,Sharply lowers user's Special Attack.
Poison Fang,Poison,Physical,50,100,15,May badly poison opponent.
Poison Tail,Poison,Physical,50,100,25,High critical hit ratio. May poison opponent.
Psycho Boost,Psychic,Special,140,90,5,Sharply lowers user's Special Attack.
Recycle,Normal,Status,,,10,User's used hold item is restored.
Refresh,Normal,Status,,,20,"Cures paralysis, poison, and burns."
Revenge,Fighting,Physical,60,100,10,Power increases if user was hit first.
Rock Blast,Rock,Physical,25,90,10,Hits 2-5 times in one turn.
Rock Tomb,Rock,Physical,60,95,15,Lowers opponent's Speed.
Role Play,Psychic,Status,,,10,User copies the opponent's Ability.
Sand Tomb,Ground,Physical,35,85,15,"Traps opponent, damaging them for 4-5 turns."
Secret Power,Normal,Physical,70,100,20,Effects of the attack vary with the location.
Shadow Punch,Ghost,Physical,60,?,20,Ignores Accuracy and Evasiveness.
Sheer Cold,Ice,Special,,30,5,"One-Hit-KO, if it hits."
Shock Wave,Electric,Special,60,?,20,Ignores Accuracy and Evasiveness.
Signal Beam,Bug,Special,75,100,15,May confuse opponent.
Silver Wind,Bug,Special,60,100,5,May raise all stats of user at once.
Skill Swap,Psychic,Status,,,10,The user swaps Abilities with the opponent.
Sky Uppercut,Fighting,Physical,85,90,15,"Hits the opponent, even during Fly."
Slack Off,Normal,Status,,,10,User recovers half its max HP.
Smelling Salts,Normal,Physical,70,100,10,"Power doubles if opponent is paralyzed, but cures it."
Snatch,Dark,Status,,,10,Steals the effects of the opponent's next move.
Spit Up,Normal,Special,,100,10,Power depends on how many times the user performed Stockpile.
Stockpile,Normal,Status,,,20,Stores energy for use with Spit Up and Swallow.
Superpower,Fighting,Physical,120,100,5,Lowers user's Attack and Defense.
Swallow,Normal,Status,,,10,"The more times the user has performed Stockpile, the more HP is recovered."
Tail Glow,Bug,Status,,,20,Drastically raises user's Special Attack.
Taunt,Dark,Status,,100,20,Opponent can only use moves that attack.
Teeter Dance,Normal,Status,,100,20,Confuses all Pokémon.
Tickle,Normal,Status,,100,20,Lowers opponent's Attack and Defense.
Torment,Dark,Status,,100,15,Opponent cannot use the same move in a row.
Trick,Psychic,Status,,100,10,Swaps held items with the opponent.
Uproar,Normal,Special,90,100,10,User attacks for 3 turns and prevents sleep.
Volt Tackle,Electric,Physical,120,100,15,User receives recoil damage. May paralyze opponent.
Water Pulse,Water,Special,60,100,20,May confuse opponent.
Water Sport,Water,Status,,,15,Weakens the power of Fire-type moves.
Water Spout,Water,Special,150,100,5,"The higher the user's HP, the higher the damage caused."
Weather Ball,Normal,Special,50,100,10,Move's power and type changes with the weather.
Will-O-Wisp,Fire,Status,,85,15,Burns opponent.
Wish,Normal,Status,,,10,The user recovers HP in the following turn.
Yawn,Normal,Status,,,10,Puts opponent to sleep in the next turn.
Acupressure,Normal,Status,,,30,Sharply raises a random stat.
Air Slash,Flying,Special,75,95,15,May cause flinching.
Aqua Jet,Water,Physical,40,100,20,User attacks first.
Aqua Ring,Water,Status,,,20,Restores a little HP each turn.
Aqua Tail,Water,Physical,90,90,10,
Assurance,Dark,Physical,60,100,10,Power doubles if opponent already took damage in the same turn.
Attack Order,Bug,Physical,90,100,15,High critical hit ratio.
Aura Sphere,Fighting,Special,80,?,20,Ignores Accuracy and Evasiveness.
Avalanche,Ice,Physical,60,100,10,Power doubles if user took damage first.
Brave Bird,Flying,Physical,120,100,15,User receives recoil damage.
Brine,Water,Special,65,100,10,Power doubles if opponent's HP is less than 50%.
Bug Bite,Bug,Physical,60,100,20,Receives the effect from the opponent's held berry.
Bug Buzz,Bug,Special,90,100,10,May lower opponent's Special Defense.
Bullet Punch,Steel,Physical,40,100,30,User attacks first.
Captivate,Normal,Status,,100,20,Sharply lowers opponent's Special Attack if opposite gender.
Charge Beam,Electric,Special,50,90,10,May raise user's Special Attack.
Chatter,Flying,Special,65,100,20,Confuses opponent.
Close Combat,Fighting,Physical,120,100,5,Lowers user's Defense and Special Defense.
Copycat,Normal,Status,,,20,Copies opponent's last move.
Cross Poison,Poison,Physical,70,100,20,High critical hit ratio. May poison opponent.
Crush Grip,Normal,Physical,,100,5,More powerful when opponent has higher HP.
Dark Pulse,Dark,Special,80,100,15,May cause flinching.
Dark Void,Dark,Status,,50,10,Puts all adjacent opponents to sleep.
Defend Order,Bug,Status,,,10,Raises user's Defense and Special Defense.
Defog,Flying,Status,,,15,Lowers opponent's Evasiveness and clears fog.
Discharge,Electric,Special,80,100,15,May paralyze opponent.
Double Hit,Normal,Physical,35,90,10,Hits twice in one turn.
Draco Meteor,Dragon,Special,130,90,5,Sharply lowers user's Special Attack.
Dragon Pulse,Dragon,Special,85,100,10,
Dragon Rush,Dragon,Physical,100,75,10,May cause flinching.
Drain Punch,Fighting,Physical,75,100,10,User recovers half the HP inflicted on opponent.
Earth Power,Ground,Special,90,100,10,May lower opponent's Special Defense.
Embargo,Dark,Status,,100,15,Opponent cannot use items.
Energy Ball,Grass,Special,90,100,10,May lower opponent's Special Defense.
Feint,Normal,Physical,30,100,10,Only hits if opponent uses Protect or Detect in the same turn.
Fire Fang,Fire,Physical,65,95,15,May cause flinching and/or burn opponent.
Flare Blitz,Fire,Physical,120,100,15,User receives recoil damage. May burn opponent.
Flash Cannon,Steel,Special,80,100,10,May lower opponent's Special Defense.
Fling,Dark,Physical,,100,10,Power depends on held item.
Focus Blast,Fighting,Special,120,70,5,May lower opponent's Special Defense.
Force Palm,Fighting,Physical,60,100,10,May paralyze opponent.
Gastro Acid,Poison,Status,,100,10,Cancels out the effect of the opponent's Ability.
Giga Impact,Normal,Physical,150,90,5,User must recharge next turn.
Grass Knot,Grass,Special,,100,20,"The heavier the opponent, the stronger the attack."
Gravity,Psychic,Status,,,5,Prevents moves like Fly and Bounce and the Ability Levitate for 5 turns.
Guard Swap,Psychic,Status,,,10,User and opponent swap Defense and Special Defense.
Gunk Shot,Poison,Physical,120,80,5,May poison opponent.
Gyro Ball,Steel,Physical,,100,5,"The slower the user, the stronger the attack."
Hammer Arm,Fighting,Physical,100,90,10,Lowers user's Speed.
Head Smash,Rock,Physical,150,80,5,User receives recoil damage.
Heal Block,Psychic,Status,,100,15,Prevents the opponent from restoring HP for 5 turns.
Heal Order,Bug,Status,,,10,User recovers half its max HP.
Healing Wish,Psychic,Status,,,10,The user faints and the next Pokémon released is fully healed.
Heart Swap,Psychic,Status,,,10,Stat changes are swapped with the opponent.
Ice Fang,Ice,Physical,65,95,15,May cause flinching and/or freeze opponent.
Ice Shard,Ice,Physical,40,100,30,User attacks first.
Iron Head,Steel,Physical,80,100,15,May cause flinching.
Judgment,Normal,Special,100,100,10,Type depends on the Arceus Plate being held.
Last Resort,Normal,Physical,140,100,5,Can only be used after all other moves are used.
Lava Plume,Fire,Special,80,100,15,May burn opponent.
Leaf Storm,Grass,Special,130,90,5,Sharply lowers user's Special Attack.
Lucky Chant,Normal,Status,,,30,Opponent cannot land critical hits for 5 turns.
Lunar Dance,Psychic,Status,,,10,The user faints but the next Pokémon released is fully healed.
Magma Storm,Fire,Special,100,75,5,"Traps opponent, damaging them for 4-5 turns."
Magnet Bomb,Steel,Physical,60,?,20,Ignores Accuracy and Evasiveness.
Magnet Rise,Electric,Status,,,10,User becomes immune to Ground-type moves for 5 turns.
Me First,Normal,Status,,,20,User copies the opponent's attack with 1.5× power.
Metal Burst,Steel,Physical,,100,10,Deals damage equal to 1.5x opponent's attack.
Miracle Eye,Psychic,Status,,,40,"Resets opponent's Evasiveness, removes Dark's Psychic immunity."
Mirror Shot,Steel,Special,65,85,10,May lower opponent's Accuracy.
Mud Bomb,Ground,Special,65,85,10,May lower opponent's Accuracy.
Nasty Plot,Dark,Status,,,20,Sharply raises user's Special Attack.
Natural Gift,Normal,Physical,,100,15,Power and type depend on the user's held berry.
Night Slash,Dark,Physical,70,100,15,High critical hit ratio.
Ominous Wind,Ghost,Special,60,100,5,May raise all user's stats at once.
Payback,Dark,Physical,50,100,10,Power doubles if the user was attacked first.
Pluck,Flying,Physical,60,100,20,"If the opponent is holding a berry, its effect is stolen by user."
Poison Jab,Poison,Physical,80,100,20,May poison the opponent.
Power Gem,Rock,Special,80,100,20,
Power Swap,Psychic,Status,,,10,User and opponent swap Attack and Special Attack.
Power Trick,Psychic,Status,,,10,User's own Attack and Defense switch.
Power Whip,Grass,Physical,120,85,10,
Psycho Cut,Psychic,Physical,70,100,20,High critical hit ratio.
Psycho Shift,Psychic,Status,,100,10,Transfers user's status condition to the opponent.
Punishment,Dark,Physical,,100,5,Power increases when opponent's stats have been raised.
Roar of Time,Dragon,Special,150,90,5,User must recharge next turn.
Rock Climb,Normal,Physical,90,85,20,May confuse opponent.
Rock Polish,Rock,Status,,,20,Sharply raises user's Speed.
Rock Wrecker,Rock,Physical,150,90,5,User must recharge next turn.
Roost,Flying,Status,,,10,User recovers half of its max HP and loses the Flying type temporarily.
Seed Bomb,Grass,Physical,80,100,15,
Seed Flare,Grass,Special,120,85,5,May lower opponent's Special Defense.
Shadow Claw,Ghost,Physical,70,100,15,High critical hit ratio.
Shadow Force,Ghost,Physical,120,100,5,"Disappears on first turn, attacks on second. Can strike through Protect/Detect."
Shadow Sneak,Ghost,Physical,40,100,30,User attacks first.
Spacial Rend,Dragon,Special,100,95,5,High critical hit ratio.
Stealth Rock,Rock,Status,,,20,Damages opponent switching into battle.
Stone Edge,Rock,Physical,100,80,5,High critical hit ratio.
Sucker Punch,Dark,Physical,70,100,5,"User attacks first, but only works if opponent is readying an attack."
Switcheroo,Dark,Status,,100,10,Swaps held items with the opponent.
Tailwind,Flying,Status,,,15,Doubles Speed for 4 turns.
Thunder Fang,Electric,Physical,65,95,15,May cause flinching and/or paralyze opponent.
Toxic Spikes,Poison,Status,,,20,Poisons opponents when they switch into battle.
Trick Room,Psychic,Status,,,5,Slower Pokémon move first in the turn for 5 turns.
Trump Card,Normal,Special,,?,5,"The lower the PP, the higher the power."
U-turn,Bug,Physical,70,100,20,User switches out immediately after attacking.
Vacuum Wave,Fighting,Special,40,100,30,User attacks first.
Wake-Up Slap,Fighting,Physical,70,100,10,"Power doubles if opponent is asleep, but wakes it up."
Wood Hammer,Grass,Physical,120,100,15,User receives recoil damage.
Worry Seed,Grass,Status,,100,10,Changes the opponent's Ability to Insomnia.
Wring Out,Normal,Special,,100,5,"The higher the opponent's HP, the higher the damage."
X-Scissor,Bug,Physical,80,100,15,
Zen Headbutt,Psychic,Physical,80,90,15,May cause flinching.
Acid Spray,Poison,Special,40,100,20,Sharply lowers opponent's Special Defense.
Acrobatics,Flying,Physical,55,100,15,Stronger when the user does not have a held item.
After You,Normal,Status,,,15,Gives target priority in the next turn.
Ally Switch,Psychic,Status,,,15,User switches with opposite teammate.
Autotomize,Steel,Status,,,15,Reduces weight and sharply raises Speed.
Bestow,Normal,Status,,,15,Gives the user's held item to the target.
Blue Flare,Fire,Special,130,85,5,May burn opponent.
Bolt Strike,Electric,Physical,130,85,5,May paralyze opponent.
Bulldoze,Ground,Physical,60,100,20,Lowers opponent's Speed.
Chip Away,Normal,Physical,70,100,20,Ignores opponent's stat changes.
Circle Throw,Fighting,Physical,60,90,10,"In battles, the opponent switches. In the wild, the Pokémon runs."
Clear Smog,Poison,Special,50,,15,Removes all of the target's stat changes.
Coil,Poison,Status,,,20,"Raises user's Attack, Defense and Accuracy."
Cotton Guard,Grass,Status,,,10,Drastically raises user's Defense.
Dragon Tail,Dragon,Physical,60,90,10,"In battles, the opponent switches. In the wild, the Pokémon runs."
Drill Run,Ground,Physical,80,95,10,High critical hit ratio.
Dual Chop,Dragon,Physical,40,90,15,Hits twice in one turn.
Echoed Voice,Normal,Special,40,100,15,Power increases each turn.
Electro Ball,Electric,Special,,100,10,"The faster the user, the stronger the attack."
Electroweb,Electric,Special,55,95,15,Lowers opponent's Speed.
Entrainment,Normal,Status,,100,15,Makes target's ability same as user's.
Fiery Dance,Fire,Special,80,100,10,May raise user's Special Attack.
Final Gambit,Fighting,Special,,100,5,Inflicts damage equal to the user's remaining HP. User faints.
Fire Pledge,Fire,Special,80,100,10,Added effects appear if combined with Grass Pledge or Water Pledge.
Flame Burst,Fire,Special,70,100,15,May also injure nearby Pokémon.
Flame Charge,Fire,Physical,50,100,20,Raises user's Speed.
Foul Play,Dark,Physical,95,100,15,Uses the opponent's Attack stat.
Freeze Shock,Ice,Physical,140,90,5,"Charges on first turn, attacks on second. May paralyze opponent."
Frost Breath,Ice,Special,60,90,10,Always results in a critical hit.
Fusion Bolt,Electric,Physical,100,100,5,Power increases if Fusion Flare is used in the same turn.
Fusion Flare,Fire,Special,100,100,5,Power increases if Fusion Bolt is used in the same turn.
Gear Grind,Steel,Physical,50,85,15,Hits twice in one turn.
Glaciate,Ice,Special,65,95,10,Lowers opponent's Speed.
Grass Pledge,Grass,Special,80,100,10,Added effects appear if preceded by Water Pledge or succeeded by Fire Pledge.
Guard Split,Psychic,Status,,,10,Averages Defense and Special Defense with the target.
Head Charge,Normal,Physical,120,100,15,User receives recoil damage.
Heal Pulse,Psychic,Status,,,10,Restores half the target's max HP.
Heart Stamp,Psychic,Physical,60,100,25,May cause flinching.
Heat Crash,Fire,Physical,,100,10,"The heavier the user, the stronger the attack."
Heavy Slam,Steel,Physical,,100,10,"The heavier the user, the stronger the attack."
Hex,Ghost,Special,65,100,10,Inflicts more damage if the target has a status condition.
Hone Claws,Dark,Status,,,15,Raises user's Attack and Accuracy.
Horn Leech,Grass,Physical,75,100,10,User recovers half the HP inflicted on opponent.
Hurricane,Flying,Special,110,70,10,May confuse opponent.
Ice Burn,Ice,Special,140,90,5,"Charges on first turn, attacks on second. May burn opponent."
Icicle Crash,Ice,Physical,85,90,10,May cause flinching.
Incinerate,Fire,Special,60,100,15,Destroys the target's held berry.
Inferno,Fire,Special,100,50,5,Burns opponent.
Leaf Tornado,Grass,Special,65,90,10,May lower opponent's Accuracy.
Low Sweep,Fighting,Physical,65,100,20,Lowers opponent's Speed.
Magic Room,Psychic,Status,,,10,Suppresses the effects of held items for five turns.
Night Daze,Dark,Special,85,95,10,May lower opponent's Accuracy.
Power Split,Psychic,Status,,,10,Averages Attack and Special Attack with the target.
Psyshock,Psychic,Special,80,100,10,"Inflicts damage based on the target's Defense, not Special Defense."
Psystrike,Psychic,Special,100,100,10,"Inflicts damage based on the target's Defense, not Special Defense."
Quash,Dark,Status,,100,15,Makes the target act last this turn.
Quick Guard,Fighting,Status,,,15,Protects the user's team from high-priority moves.
Quiver Dance,Bug,Status,,,20,"Raises user's Special Attack, Special Defense and Speed."
Rage Powder,Bug,Status,,,20,"Forces attacks to hit user, not team-mates."
Razor Shell,Water,Physical,75,95,10,May lower opponent's Defense.
Reflect Type,Normal,Status,,,15,User becomes the target's type.
Relic Song,Normal,Special,75,100,10,May put the target to sleep.
Retaliate,Normal,Physical,70,100,5,Inflicts double damage if a teammate fainted on the last turn.
Round,Normal,Special,60,100,15,Power increases if teammates use it in the same turn.
Sacred Sword,Fighting,Physical,90,100,15,Ignores opponent's stat changes.
Scald,Water,Special,80,100,15,May burn opponent.
Searing Shot,Fire,Special,100,100,5,May burn opponent.
Secret Sword,Fighting,Special,85,100,10,"Inflicts damage based on the target's Defense, not Special Defense."
Shell Smash,Normal,Status,,,15,"Sharply raises user's Attack, Special Attack and Speed but lowers Defense and Special Defense."
Shift Gear,Steel,Status,,,10,Raises user's Attack and sharply raises Speed.
Simple Beam,Normal,Status,,100,15,Changes target's ability to Simple.
Sky Drop,Flying,Physical,60,100,10,"Takes opponent into the air on first turn, drops them on second turn."
Sludge Wave,Poison,Special,95,100,10,May poison opponent.
Smack Down,Rock,Physical,50,100,15,Makes Flying-type Pokémon vulnerable to Ground moves.
Snarl,Dark,Special,55,95,15,Lowers opponent's Special Attack.
Soak,Water,Status,,100,20,Changes the target's type to water.
Steamroller,Bug,Physical,65,100,20,May cause flinching.
Stored Power,Psychic,Special,20,100,10,Power increases when user's stats have been raised.
Storm Throw,Fighting,Physical,60,100,10,Always results in a critical hit.
Struggle Bug,Bug,Special,50,100,20,Lowers opponent's Special Attack.
Synchronoise,Psychic,Special,120,100,10,Hits any Pokémon that shares a type with the user.
Tail Slap,Normal,Physical,25,85,10,Hits 2-5 times in one turn.
Techno Blast,Normal,Special,120,100,5,Type depends on the Drive being held.
Telekinesis,Psychic,Status,,,15,"Ignores opponent's Evasiveness for three turns, add Ground immunity."
V-create,Fire,Physical,180,95,5,"Lowers user's Defense, Special Defense and Speed."
Venoshock,Poison,Special,65,100,10,Inflicts double damage if the target is poisoned.
Volt Switch,Electric,Special,70,100,20,User must switch out after attacking.
Water Pledge,Water,Special,80,100,10,Added effects appear if preceded by Fire Pledge or succeeded by Grass Pledge.
Wide Guard,Rock,Status,,,10,Protects the user's team from multi-target attacks.
Wild Charge,Electric,Physical,90,100,15,User receives recoil damage.
Wonder Room,Psychic,Status,,,10,Swaps every Pokémon's Defense and Special Defense for 5 turns.
Work Up,Normal,Status,,,30,Raises user's Attack and Special Attack.
Aromatic Mist,Fairy,Status,,,20,Raises Special Defense of an ally.
Baby-Doll Eyes,Fairy,Status,,100,30,Always goes first. Lowers the target's attack.
Belch,Poison,Special,120,90,10,User must have consumed a Berry.
Boomburst,Normal,Special,140,100,10,Hits all adjacent Pokémon.
Celebrate,Normal,Status,,,40,The Pokémon congratulates you on your special day. No battle effect.
Confide,Normal,Status,,,20,Lowers opponent's Special Attack.
Crafty Shield,Fairy,Status,,,10,Protects the Pokémon from status moves.
Dazzling Gleam,Fairy,Special,80,100,10,Hits all adjacent opponents.
Diamond Storm,Rock,Physical,100,95,5,May sharply raise user's Defense.
Disarming Voice,Fairy,Special,40,?,15,Ignores Accuracy and Evasiveness.
Dragon Ascent,Flying,Physical,120,100,5,Lowers user's Defense and Special Defense.
Draining Kiss,Fairy,Special,50,100,10,User recovers most the HP inflicted on opponent.
Eerie Impulse,Electric,Status,,100,15,Sharply lowers opponent's Special Attack.
Electric Terrain,Electric,Status,,,10,Prevents all Pokémon from falling asleep for 5 turns.
Electrify,Electric,Status,,,20,Changes the target's move to Electric type.
Fairy Lock,Fairy,Status,,,10,Prevents fleeing in the next turn.
Fairy Wind,Fairy,Special,40,100,30,
Fell Stinger,Bug,Physical,50,100,25,Drastically raises user's Attack if target is KO'd.
Flower Shield,Fairy,Status,,,10,Sharply raises Defense of all Grass-type Pokémon on the field.
Flying Press,Fighting,Physical,100,95,10,Deals Fighting and Flying type damage.
Forest's Curse,Grass,Status,,100,20,Adds Grass type to opponent.
Freeze-Dry,Ice,Special,70,100,20,May freeze opponent. Super-effective against Water types.
Geomancy,Fairy,Status,,,10,"Charges on first turn, sharply raises user's Sp. Attack, Sp. Defense and Speed on the second."
Grassy Terrain,Grass,Status,,,10,Restores a little HP of all Pokémon for 5 turns.
Happy Hour,Normal,Status,,,30,Doubles prize money from trainer battles.
Hold Back,Normal,Physical,40,100,40,Always leaves opponent with at least 1 HP.
Hold Hands,Normal,Status,,,40,Makes the user and an ally very happy.
Hyperspace Fury,Dark,Physical,100,?,5,Lowers user's Defense. Can strike through Protect/Detect.
Hyperspace Hole,Psychic,Special,80,?,5,Can strike through Protect/Detect.
Infestation,Bug,Special,20,100,20,"Traps opponent, damaging them for 4-5 turns."
Ion Deluge,Electric,Status,,,25,Changes Normal-type moves to Electric-type.
King's Shield,Steel,Status,,,10,Protects the user and lowers opponent's Attack on contact.
Land's Wrath,Ground,Physical,90,100,10,
Light of Ruin,Fairy,Special,140,90,5,User receives recoil damage.
Magnetic Flux,Electric,Status,,,20,Raises Defense and Sp. Defense of Plus/Minus Pokémon.
Mat Block,Fighting,Status,,,10,Protects teammates from damaging moves.
Misty Terrain,Fairy,Status,,,10,Protects the field from status conditions for 5 turns.
Moonblast,Fairy,Special,95,100,15,May lower opponent's Special Attack.
Mystical Fire,Fire,Special,75,100,10,Lowers opponent's Special Attack.
Noble Roar,Normal,Status,,100,30,Lowers opponent's Attack and Special Attack.
Nuzzle,Electric,Physical,20,100,20,Paralyzes opponent.
Oblivion Wing,Flying,Special,80,100,10,User recovers most of the HP inflicted on opponent.
Origin Pulse,Water,Special,110,85,10,Hits all adjacent opponents.
Parabolic Charge,Electric,Special,65,100,20,User recovers half the HP inflicted on opponent.
Parting Shot,Dark,Status,,100,20,Lowers opponent's Attack and Special Attack then switches out.
Petal Blizzard,Grass,Physical,90,100,15,Hits all adjacent Pokémon.
Phantom Force,Ghost,Physical,90,100,10,"Disappears on first turn, attacks on second. Can strike through Protect/Detect."
Play Nice,Normal,Status,,,20,Lowers opponent's Attack. Always hits.
Play Rough,Fairy,Physical,90,90,10,May lower opponent's Attack.
Powder,Bug,Status,,100,20,Damages Pokémon using Fire type moves.
Power-Up Punch,Fighting,Physical,40,100,20,Raises Attack.
Precipice Blades,Ground,Physical,120,85,10,Hits all adjacent opponents.
Rototiller,Ground,Status,,,10,Raises Attack and Special Attack of Grass-types.
Spiky Shield,Grass,Status,,,10,Protects the user and inflicts damage on contact.
Steam Eruption,Water,Special,110,95,5,May burn opponent.
Sticky Web,Bug,Status,,,20,Lowers opponent's Speed when switching into battle.
Thousand Arrows,Ground,Physical,90,100,10,Makes Flying-type Pokémon vulnerable to Ground moves.
Thousand Waves,Ground,Physical,90,100,10,Opponent cannot flee or switch.
Topsy-Turvy,Dark,Status,,,20,Reverses stat changes of opponent.
Trick-or-Treat,Ghost,Status,,100,20,Adds Ghost type to opponent.
Venom Drench,Poison,Status,,100,20,Lowers poisoned opponent's Special Attack and Speed.
Water Shuriken,Water,Special,15,100,20,Hits 2-5 times in one turn.
"10,000,000 Volt Thunderbolt",Electric,Special,195,,1,Pikachu-exclusive Z-Move. High critical hit ratio.
Accelerock,Rock,Physical,40,100,20,User attacks first.
Acid Downpour,Poison,,,,1,Poison type Z-Move.
All-Out Pummeling,Fighting,,,,1,Fighting type Z-Move.
Anchor Shot,Steel,Physical,80,100,20,The user entangles the target with its anchor chain while attacking. The target becomes unable to flee.
Aurora Veil,Ice,Status,,,20,Halves damage from Physical and Special attacks for five turns.
Baddy Bad,Dark,Special,90,100,15,Reduces damage from Physical attacks.
Baneful Bunker,Poison,Status,,,10,Protects the user and poisons opponent on contact.
Beak Blast,Flying,Physical,100,100,15,"The user first heats up its beak, and then it attacks the target. Making direct contact with the Pokémon while it's heating up its beak results in a burn."
Black Hole Eclipse,Dark,,,,1,Dark type Z-Move.
Bloom Doom,Grass,,,,1,Grass type Z-Move.
Bouncy Bubble,Water,Special,90,100,15,User recovers half the HP inflicted on opponent.
Breakneck Blitz,Normal,,,,1,Normal type Z-Move.
Brutal Swing,Dark,Physical,60,100,20,The user swings its body around violently to inflict damage on everything in its vicinity.
Burn Up,Fire,Special,130,100,5,"To inflict massive damage, the user burns itself out. After using this move, the user will no longer be Fire type."
Buzzy Buzz,Electric,Special,90,100,15,Paralyzes the opponent.
Catastropika,Electric,Physical,210,,1,Pikachu-exclusive Z-Move.
Clanging Scales,Dragon,Special,110,100,5,Lowers user's Defense.
Clangorous Soulblaze,Dragon,Special,185,,1,Kommo-o exclusive Z-Move.
Continental Crush,Rock,,,,1,Rock type Z-Move.
Core Enforcer,Dragon,Special,100,100,10,Scorches a 'Z' pattern on the ground.
Corkscrew Crash,Steel,,,,1,Steel type Z-Move.
Darkest Lariat,Dark,Physical,85,100,10,Ignores opponent's stat changes.
Devastating Drake,Dragon,,,,1,Dragon type Z-Move.
Double Iron Bash,Steel,Physical,60,100,5,Hits twice in one turn; may cause flinching.
Dragon Hammer,Dragon,Physical,90,100,15,The user uses its body like a hammer to attack the target and inflict damage.
Extreme Evoboost,Normal,Status,,,1,Eevee-exclusive Z-Move. Sharply raises all stats.
Fire Lash,Fire,Physical,80,100,15,The user strikes the target with a burning lash. This also lowers the target's Defense stat.
First Impression,Bug,Physical,90,100,10,"Although this move has great power, it only works the first turn the user is in battle."
Fleur Cannon,Fairy,Special,130,90,5,Sharply lowers user's Special Attack.
Floaty Fall,Flying,Physical,90,95,15,May cause flinching.
Floral Healing,Fairy,Status,,,10,The user restores the target's HP by up to half of its max HP. It restores more HP when the terrain is grass.
Freezy Frost,Ice,Special,90,100,15,Resets all stat changes.
Gear Up,Steel,Status,,,20,The user engages its gears to raise the Attack and Sp. Atk stats of ally Pokémon with the Plus or Minus Ability.
Genesis Supernova,Psychic,Special,185,,1,Mew-exclusive Z-Move.
Gigavolt Havoc,Electric,,,,1,Electric type Z-Move.
Glitzy Glow,Psychic,Special,90,100,15,Reduces damage from Special attacks.
Guardian of Alola,Fairy,Special,,,1,Tapu-exclusive Z-move. Cuts opponent's HP by 75%.
High Horsepower,Ground,Physical,95,95,10,The user fiercely attacks the target using its entire body.
Hydro Vortex,Water,,,,1,Water type Z-Move.
Ice Hammer,Ice,Physical,100,90,10,"The user swings and hits with its strong, heavy fist. It lowers the user's Speed, however."
Inferno Overdrive,Fire,,,,1,Fire type Z-Move.
Instruct,Psychic,Status,,,15,Allows an ally to use a move instead.
Laser Focus,Normal,Status,,,30,User's next attack is guaranteed to result in a critical hit.
Leafage,Grass,Physical,40,100,40,Strikes opponent with leaves.
Let's Snuggle Forever,Fairy,Physical,190,,1,Mimikyu-exclusive Z-Move.
Light That Burns the Sky,Psychic,Special,200,,1,Ultra Necrozma-exclusive Z-Move. Ignores target's ability; uses highest Attack stat.
Liquidation,Water,Physical,85,100,10,May lower opponent's Defense.
Lunge,Bug,Physical,80,100,15,"The user makes a lunge at the target, attacking with full force. This also lowers the target's Attack stat."
Malicious Moonsault,Dark,Physical,180,,1,Incineroar-exclusive Z-Move.
Menacing Moonraze Maelstrom,Ghost,Special,200,,1,Lunala-exclusive Z-Move.
Mind Blown,Fire,Special,150,100,5,User receives recoil damage.
Moongeist Beam,Ghost,Special,100,100,5,Ignores the target's ability.
Multi-Attack,Normal,Physical,120,100,10,Type matches Memory item held.
Nature's Madness,Fairy,Special,,90,10,Halves the foe's HP.
Never-Ending Nightmare,Ghost,,,,1,Ghost type Z-Move.
Oceanic Operetta,Water,Special,195,,1,Primarina-exclusive Z-Move.
Photon Geyser,Psychic,Special,100,100,5,"Uses Attack or Special Attack stat, whichever is higher."
Pika Papow,Electric,Special,,?,20,Power increases when player's bond is stronger.
Plasma Fists,Electric,Physical,100,100,15,Changes Normal-type moves to Electric-type moves.
Pollen Puff,Bug,Special,90,100,15,Deals damage to opponent or restores HP of teammate.
Power Trip,Dark,Physical,20,100,10,"The user boasts its strength and attacks the target. The more the user's stats are raised, the greater the move's power."
Prismatic Laser,Psychic,Special,160,100,10,The user shoots powerful lasers using the power of a prism. The user can't move on the next turn.
Psychic Fangs,Psychic,Physical,85,100,10,The user bites the target with its psychic capabilities. This can also destroy Light Screen and Reflect.
Psychic Terrain,Psychic,Status,,,10,Prevents priority moves from being used for 5 turns.
Pulverizing Pancake,Normal,Physical,210,,1,Snorlax-exclusive Normal type Z-Move.
Purify,Poison,Status,,,20,"The user heals the target's status condition. If the move succeeds, it also restores the user's own HP."
Revelation Dance,Normal,Special,90,100,15,Type changes based on Oricorio's form.
Sappy Seed,Grass,Physical,90,100,15,Drains HP from opponent each turn.
Savage Spin-Out,Bug,,,,1,Bug type Z-Move.
Searing Sunraze Smash,Steel,Physical,200,,1,Solgaleo-exclusive Z-Move.
Shadow Bone,Ghost,Physical,85,100,10,May lower opponent's Defense.
Shattered Psyche,Psychic,,,,1,Psychic type Z-Move.
Shell Trap,Fire,Special,150,100,5,Deals more damage to opponent if hit by a Physical move.
Shore Up,Ground,Status,,,10,The user regains up to half of its max HP. It restores more HP in a sandstorm.
Sinister Arrow Raid,Ghost,Physical,180,,1,Decidueye-exclusive Z-Move.
Sizzly Slide,Fire,Physical,90,100,15,Burns the opponent.
Smart Strike,Steel,Physical,70,,10,The user stabs the target with a sharp horn. This attack never misses.
Solar Blade,Grass,Physical,125,100,10,"Charges on first turn, attacks on second."
Soul-Stealing 7-Star Strike,Ghost,Physical,195,,1,Marshadow-exclusive Z-Move.
Sparkling Aria,Water,Special,90,100,10,Heals the burns of its target.
Sparkly Swirl,Fairy,Special,90,100,15,Cures all status problems in the party Pokémon.
Spectral Thief,Ghost,Physical,90,100,10,"The user hides in the target's shadow, steals the target's stat boosts, and then attacks."
Speed Swap,Psychic,Status,,,10,The user exchanges Speed stats with the target.
Spirit Shackle,Ghost,Physical,80,100,10,Prevents the opponent from switching out.
Splintered Stormshards,Rock,Physical,190,,1,Lycanroc-exclusive Z-Move.
Splishy Splash,Water,Special,90,100,15,May paralyze opponent.
Spotlight,Normal,Status,,,15,The user shines a spotlight on the target so that only the target will be attacked during the turn.
Stoked Sparksurfer,Electric,Special,175,,1,Alolan Raichu-exclusive Electric type Z-Move.
Stomping Tantrum,Ground,Physical,75,100,10,"Driven by frustration, the user attacks the target. If the user's previous move has failed, the power of this move doubles."
Strength Sap,Grass,Status,,100,10,The user restores its HP by the same amount as the target's Attack stat. It also lowers the target's Attack stat.
Subzero Slammer,Ice,,,,1,Ice type Z-Move.
Sunsteel Strike,Steel,Physical,100,100,5,Ignores the target's ability.
Supersonic Skystrike,Flying,,,,1,Flying type Z-Move.
Tearful Look,Normal,Status,,,20,The user gets teary eyed to make the target lose its combative spirit. This lowers the target's Attack and Sp. Atk stats.
Tectonic Rage,Ground,,,,1,Ground type Z-Move.
Throat Chop,Dark,Physical,80,100,15,Prevents use of sound moves for two turns.
Toxic Thread,Poison,Status,,100,20,Lowers target's Speed.
Trop Kick,Grass,Physical,70,100,15,Lowers opponent's Attack.
Twinkle Tackle,Fairy,,,,1,Fairy type Z-Move.
Veevee Volley,Normal,Physical,,?,20,Power increases when player's bond is stronger.
Zing Zap,Electric,Physical,80,100,10,May cause flinching.
Zippy Zap,Electric,Physical,50,100,15,Always results in a critical hit.
Apple Acid,Grass,Special,80,100,10,Lowers target's Special Defense.
Aura Wheel,Electric,Physical,110,100,10,Changes type based on Morpeko's Mode.
Behemoth Bash,Steel,Physical,100,100,5,Damage doubles if user is Dynamaxed.
Behemoth Blade,Steel,Physical,100,100,5,Damage doubles if user is Dynamaxed.
Body Press,Fighting,Physical,80,100,10,"The higher the user's Defense, the stronger the attack."
Bolt Beak,Electric,Physical,85,100,10,"If the user attacks before the target, the power of this move is doubled."
Branch Poke,Grass,Physical,40,100,40,
Breaking Swipe,Dragon,Physical,60,100,15,Hits multiple opponents and lowers their attack.
Burning Jealousy,Fire,,,,,"Hits all opponents, and burns any that have had their stats boosted."
Clangorous Soul,Dragon,Status,,100,5,Raises all user's stats but loses HP.
Coaching,Fighting,Status,,,10,Boosts Attack and Defense of a teammate.
Corrosive Gas,Poison,Status,,100,40,Removes opponent's items.
Court Change,Normal,Status,,100,10,Swaps the effects on either side of the field.
Decorate,Fairy,Status,,,15,Sharply raises target's Attack and Special Attack.
Dragon Darts,Dragon,Physical,50,100,10,User attacks twice.
Dragon Energy,,,,,,"The higher the user's HP, the higher the power."
Drum Beating,Grass,Physical,80,100,10,Lowers opponent's Speed.
Dual Wingbeat,Flying,Physical,40,90,10,The user slams the target with its wings. The target is hit twice in a row.
Dynamax Cannon,Dragon,Special,100,100,5,Damage doubles if opponent is Dynamaxed.
Eternabeam,Dragon,Special,160,90,5,User can't move on the next turn.
Expanding Force,Psychic,Special,80,100,10,Increases power and hits all opponents on Psychic Terrain.
False Surrender,Dark,Physical,80,?,10,Ignores Accuracy and Evasiveness.
Fiery Wrath,Dark,Special,,,,May cause flinching.
Fishious Rend,Water,Physical,85,100,10,"If the user attacks before the target, the power of this move is doubled."
Flip Turn,Water,Physical,60,100,20,"After making its attack, the user rushes back to switch places with a party Pokémon in waiting."
Freezing Glare,Psychic,Special,,,,May freeze opponent.
G-Max Befuddle,Bug,,,,,"Butterfree-exclusive G-Max Move. Poisons, paralyzes, or puts opponent to sleep."
G-Max Cannonade,Water,,,,,Blastoise-exclusive G-Max Move. Damages non-Water types for 4 turns.
G-Max Centiferno,Fire,,,,,Centiskorch-exclusive G-Max Move. Traps opponents for 4-5 turns.
G-Max Chi Strike,Fighting,,,,,Machamp-exclusive G-Max Move. Increases critical hit ratio.
G-Max Cuddle,Normal,,,,,Eevee-exclusive G-Max Move. Infatuates opponents.
G-Max Depletion,Dragon,,,,,Duraludon-exclusive G-Max Move. Reduces opponent's PP.
G-Max Drum Solo,Grass,,,,,Rillaboom-exclusive G-Max Move. Ignores target's ability.
G-Max Finale,Fairy,,,,,Alcremie-exclusive G-Max Move. Heals the user's team.
G-Max Fireball,Fire,,,,,Cinderace-exclusive G-Max Move. Ignores target's ability.
G-Max Foam Burst,Water,,,,,Kingler-exclusive G-Max Move. Harshly lowers opponents' Speed.
G-Max Gold Rush,Normal,,,,,Meowth-exclusive G-Max Move. Confuses opponents and earns more money.
G-Max Gravitas,Psychic,,,,,Orbeetle-exclusive G-Max Move. Summons Gravity for 5 turns.
G-Max Hydrosnipe,Water,,,,,Inteleon-exclusive G-Max Move. Ignores target's ability.
G-Max Malodor,Poison,,,,,Garbodor-exclusive G-Max Move. Poisons opponents.
G-Max Meltdown,Steel,,,,,Melmetal-exclusive G-Max Move. Prevents opponents using the same move twice in a row.
G-Max One Blow,Dark,,,,,Urshifu Single-Strike Style-exclusive G-Max Move. Strikes through Max Guard and Protect.
G-Max Rapid Flow,Water,,,,,Urshifu Rapid-Strike Style-exclusive G-Max Move. Strikes through Max Guard and Protect.
G-Max Replenish,Normal,,,,,Snorlax-exclusive G-Max Move. Recycles Berries.
G-Max Resonance,Ice,,,,,Lapras-exclusive G-Max Move. Reduces damage for 5 turns.
G-Max Sandblast,Ground,,,,,Sandaconda-exclusive G-Max Move. Traps opponents for 4-5 turns.
G-Max Smite,Fairy,,,,,Hatterene-exclusive G-Max Move. Confuses opponents.
G-Max Snooze,Dark,,,,,Grimmsnarl-exclusive G-Max Move. Makes opponents drowsy.
G-Max Steelsurge,Steel,,,,,Copperajah-exclusive G-Max Move. Sets up Spikes on the field.
G-Max Stonesurge,Water,,,,,Drednaw-exclusive G-Max Move. Sets up Stealth Rock.
G-Max Stun Shock,Electric,,,,,Toxtricity-exclusive G-Max Move. Poisons or paralyzes opponents.
G-Max Sweetness,Grass,,,,,Appletun-exclusive G-Max Move. Heals status conditions of user's team.
G-Max Tartness,Grass,,,,,Flapple-exclusive G-Max Move. Reduces opponents' evasiveness.
G-Max Terror,Ghost,,,,,Gengar-exclusive G-Max Move. Prevents opponent from switching out.
G-Max Vine Lash,Grass,,,,,Venusaur-exclusive G-Max Move. Damages non-Grass types for 4 turns.
G-Max Volcalith,Rock,,,,,Coalossal-exclusive G-Max Move. Deals damage for 4 turns.
G-Max Volt Crash,Electric,,,,,Pikachu-exclusive G-Max Move. Paralyzes opponents.
G-Max Wildfire,Fire,,,,,Charizard-exclusive G-Max Move. Damages non-Fire types for 4 turns.
G-Max Wind Rage,Flying,,,,,Corviknight-exclusive G-Max Move. Removes battlefield hazards.
Grassy Glide,Grass,,,,,High priority during Grassy Terrain.
Grav Apple,Grass,Physical,80,100,10,Lowers the opponent's Defense stat.
Jaw Lock,Dark,Physical,80,100,10,Prevents user and opponent from switching out.
Jungle Healing,Grass,Status,,,,Restores team's HP and cures status conditions.
Lash Out,Dark,Physical,75,100,5,Double power if stats were lowered during the turn.
Life Dew,Water,Status,,,10,User and teammates recover HP.
Magic Powder,Psychic,Status,,100,20,Changes target's type to Psychic.
Max Airstream,Flying,,,,,Flying type Dynamax move. Raises the team's Speed.
Max Darkness,Dark,,,,,Dark type Dynamax move. Lowers the target's Special Defense.
Max Flare,Fire,,,,,Fire type Dynamax move. Summons harsh sunlight.
Max Flutterby,Bug,,,,,Bug type Dynamax move. Lowers the target's Special Attack.
Max Geyser,Water,,,,,Water type Dynamax move. Summons heavy rain.
Max Guard,Normal,,,,,Status category Dynamax move. Protects the user.
Max Hailstorm,Ice,,,,,Ice type Dynamax move. Summons hail.
Max Knuckle,Fighting,,,,,Fighting type Dynamax move. Increases the team's Attack.
Max Lightning,Electric,,,,,Electric type Dynamax move. Summons Electric Terrain.
Max Mindstorm,Psychic,,,,,Psychic type Dynamax move. Summons Psychic Terrain.
Max Ooze,Poison,,,,,Poison type Dynamax move. Increases the team's Special Attack.
Max Overgrowth,Grass,,,,,Grass type Dynamax move. Summons Grassy Terrain.
Max Phantasm,Ghost,,,,,Ghost type Dynamax move. Lowers the target's Defense.
Max Quake,Ground,,,,,Ground type Dynamax move. Increases the team's Special Defense.
Max Rockfall,Rock,,,,,Rock type Dynamax move. Summons a sandstorm.
Max Starfall,Fairy,,,,,Fairy type Dynamax move. Summons Misty Terrain.
Max Steelspike,Steel,,,,,Steel type Dynamax move. Raises the team's Defense.
Max Strike,Normal,,,,,Normal type Dynamax move. Lowers the target's Speed.
Max Wyrmwind,Dragon,,,,,Dragon type Dynamax move. Lowers the target's Attack.
Meteor Assault,Fighting,Physical,150,100,5,User must recharge next turn.
Meteor Beam,Rock,Special,120,90,10,"User gathers space power and boosts its Sp. Atk stat, then attacks the target on the next turn."
Misty Explosion,Fairy,Special,100,100,5,Power increases on Misty Terrain.
No Retreat,Fighting,Status,,,5,Raises all stats but user cannot switch out.
Obstruct,Dark,Status,,100,10,Protects the user and sharply lowers Defence on contact.
Octolock,Fighting,Status,,100,15,"Lowers opponent's Defense and Special Defense every turn, and they cannot flee or switch out."
Overdrive,Electric,Special,80,100,10,
Poltergeist,Ghost,Physical,110,90,5,Fails if the target doesnt have an item.
Pyro Ball,Fire,Physical,120,90,5,May burn opponent.
Rising Voltage,Electric,Special,70,100,20,Power doubles on Electric Terrain.
Scale Shot,Dragon,Physical,25,90,20,Hits 2-5 times in one turn. Boosts user's Speed but lowers its Defense.
Scorching Sands,Ground,Special,70,100,10,May burn the target.
Shell Side Arm,Poison,Special,,,,"May poison opponent. Inflicts either Special or Physical damage, whichever is better."
Skitter Smack,Bug,Physical,70,90,10,Lowers opponent's Sp. Attack.
Snap Trap,Grass,Physical,35,100,15,"Traps opponent, damaging them for 4-5 turns."
Snipe Shot,Water,Special,80,100,15,Ignores moves and abilities that draw in moves. High critical hit ratio.
Spirit Break,Fairy,Physical,75,100,15,Lowers opponent's Special Attack.
Steel Beam,Steel,Special,140,95,5,User loses 50% of its HP.
Steel Roller,Steel,Physical,130,100,5,Fails if no Terrain in effect.
Strange Steam,Fairy,Special,90,95,10,May confuse opponent.
Stuff Cheeks,Normal,Status,,,10,"The user eats its held Berry, then sharply raises its Defense stat."
Surging Strikes,Water,,,,,Always results in a critical hit and ignores stat changes.
Tar Shot,Rock,Status,,100,15,Lowers the opponent's Speed and makes them weaker to Fire-type moves.
Teatime,Normal,Status,,,10,Forces all Pokémon on the field to eat their berries.
Terrain Pulse,Normal,Special,50,100,10,Type and power change depending on the Terrain in effect.
Thunder Cage,Electric,,,,,"Deals damage and traps opponent, damaging them for 4-5 turns."
Thunderous Kick,Fighting,Physical,,,,Lowers opponent's Defense.
Triple Axel,Ice,Physical,20,90,10,Attacks thrice with more power each time.
Wicked Blow,Dark,,,,,Always results in a critical hit and ignores stat changes.
